,time,username,endpoint,response_code
0,1677631073.0038993,snehilaryan,/get_files_goes/,200
1,1677631068.2242174,snehilaryan,/get_hours_goes/,200
2,1677631031.2620125,snehilaryan,/get_hours_goes/,200
3,1677630990.4065025,snehilaryan,/get_hours_goes/,200
4,1677630875.88696,snehilaryan,/get_files_goes/,200
5,1677630870.8695996,snehilaryan,/get_hours_goes/,200
6,1677630727.6014647,snehilaryan,/copy_to_s3/,200
7,1677630722.606951,snehilaryan,/get_files_goes/,200
8,1677630717.8429985,snehilaryan,/get_hours_goes/,200
9,1677630708.8389218,snehilaryan,/get_files_goes/,200
10,1677630704.0598657,snehilaryan,/get_hours_goes/,200
11,1677630696.6767552,snehilaryan,/get_hours_goes/,200
12,1677630691.6772516,snehilaryan,/get_hours_goes/,200
13,1677630476.943372,snehilaryan,hello,455
14,1677629998.1686833,snehilaryan,/get_files_goes/,200
15,1677629993.226666,snehilaryan,/get_hours_goes/,200
16,1677629986.852021,snehilaryan,/get_files_goes/,200
17,1677629982.09615,snehilaryan,/get_hours_goes/,200
18,1677629973.1429152,snehilaryan,/get_hours_goes/,200
19,1677629966.7584054,snehilaryan,/get_hours_goes/,200
20,1677629932.2989957,snehilaryan,/get_files_goes/,200
21,1677629927.821842,snehilaryan,/get_hours_goes/,200
22,1677629922.7051938,snehilaryan,/get_files_goes/,200
23,1677629917.9076905,snehilaryan,/get_hours_goes/,200
24,1677629693.340598,snehilaryan,/get_hours_goes/,200
25,1677629685.2165518,snehilaryan,/get_hours_goes/,200
26,1677629676.127388,snehilaryan,/get_hours_goes/,200
27,1677629575.3135684,snehilaryan,/get_hours_goes/,200
28,1677629569.9811435,snehilaryan,/get_hours_goes/,200
29,1677628427.3279488,snehilaryan,/get_hours_goes/,200
30,1677628414.8991723,snehilaryan,/get_hours_goes/,200
31,1677626980.7793593,snehilaryan,www.get.,200
32,1677626741.6524787,snehilaryan,www.get.dummy,200
33,1677624219.6018388,snehilaryan,www.get.dummy,
